id_cliente,edad,antiguedad_meses,cargo_mensual,cantidad_servicios,consultas_soporte,reclamos_ultimo_anio,horas_uso_mensual,tipo_contrato,medio_pago,satisfaccion,gasto_anual,abandono
C1001,30,23,57300,1,6,3,45.3,Anual,Tarjeta,2.7,568000,1
C1002,49,42,128000,4,1,1,78.1,Anual,Transferencia,7.9,1549000,0
C1003,52,89,120100,3,0,1,55.4,Bianual,Debito automatico,7.8,1513000,0
C1004,34,21,48600,1,4,1,37.0,Anual,Efectivo,3.9,632000,1
C1005,26,4,67600,3,1,0,37.5,Mensual,Tarjeta,4.6,926000,0
C1006,54,79,144400,4,1,1,75.8,Anual,Efectivo,8.6,1708000,0
C1007,41,48,115400,3,7,3,89.2,Mensual,Debito automatico,1.0,1498000,1
C1008,28,5,81700,2,4,2,51.3,Mensual,Tarjeta,3.5,1149000,1
C1009,18,19,61800,1,5,1,38.7,Mensual,Tarjeta,5.6,862000,1
C1010,50,21,126300,3,3,1,93.0,Mensual,Debito automatico,8.5,1621000,0
C1011,37,51,109900,3,1,1,,Anual,Tarjeta,9.0,1125000,0
C1012,40,100,125300,3,0,1,83.9,Anual,Debito automatico,8.8,1486000,0
C1013,40,31,105800,3,2,4,74.4,Mensual,Tarjeta,3.2,1338000,1
C1014,56,80,131400,4,4,0,77.2,Mensual,Debito automatico,8.1,1684000,0
C1015,28,40,111800,4,3,0,83.9,Mensual,Tarjeta,8.5,1482000,0
C1016,29,8,84000,2,4,0,28.3,Mensual,Tarjeta,4.3,1200000,1
C1017,47,44,123800,4,1,0,66.1,Mensual,Tarjeta,10.0,1658000,0
C1018,30,1,71500,2,4,0,21.1,Mensual,Tarjeta,4.6,1060000,1
C1019,57,74,127400,4,0,1,62.0,Bianual,Debito automatico,7.9,1398000,0
C1020,24,27,102800,3,10,2,44.0,Mensual,Debito automatico,4.6,1368000,1
C1021,39,13,112600,3,3,3,69.0,Mensual,Transferencia,4.4,1296000,1
C1022,38,37,111300,1,1,1,107.1,Mensual,Debito automatico,7.7,1373000,0
C1023,48,59,126000,5,4,2,57.5,Bianual,Tarjeta,8.4,1465000,0
C1024,59,83,117900,4,1,0,76.5,Anual,Debito automatico,5.4,1625000,0
C1025,49,32,94900,3,5,1,45.5,Bianual,Debito automatico,4.0,1208000,0
C1026,42,11,49100,1,3,2,29.1,Mensual,Tarjeta,5.7,736000,1
C1027,52,62,136100,3,0,0,77.0,Anual,Tarjeta,,1644000,0
C1028,26,9,68200,1,3,1,43.6,Mensual,Tarjeta,6.9,788000,0
C1029,30,13,57200,2,2,1,23.1,Mensual,Tarjeta,7.7,671000,1
C1030,43,28,75700,1,4,3,78.2,Anual,Transferencia,3.7,939000,1
C1031,37,23,92500,2,7,2,58.1,Anual,Efectivo,5.1,1332000,1
C1032,53,71,137400,5,4,1,61.6,Anual,Debito automatico,7.5,1806000,0
C1033,48,79,115100,3,0,0,67.9,Mensual,Transferencia,7.2,1485000,0
C1034,40,42,124800,3,0,0,92.1,Anual,Debito automatico,8.0,1534000,0
C1035,35,39,124600,4,1,4,102.3,Anual,Debito automatico,7.9,1549000,0
C1036,23,14,63900,3,3,1,38.4,Anual,Efectivo,5.5,1034000,1
C1037,32,12,84300,2,3,1,69.8,Mensual,Debito automatico,6.9,1231000,0
C1038,41,28,150100,4,3,0,110.9,Bianual,Debito automatico,8.6,1843000,0
C1039,30,24,51900,1,1,3,29.1,Mensual,Transferencia,4.4,668000,1
C1040,42,23,94300,2,3,3,56.9,Anual,Transferencia,2.0,1184000,1
C1041,38,32,124700,3,3,0,95.5,Anual,Transferencia,8.8,1611000,1
C1042,58,95,136700,4,1,1,58.6,Bianual,Debito automatico,6.4,1612000,0
C1043,39,33,117000,2,3,4,80.7,Mensual,Transferencia,4.5,1419000,1
C1044,31,30,140200,3,0,0,93.8,Anual,Debito automatico,9.3,1831000,0
C1045,64,103,128300,5,0,1,76.1,Bianual,Tarjeta,5.8,1582000,0
C1046,48,87,146400,5,2,0,83.0,Anual,Transferencia,5.6,1961000,0
C1047,27,48,161500,4,1,2,115.6,Bianual,Debito automatico,10.0,2080000,0
C1048,32,70,152800,5,1,0,90.7,Anual,Debito automatico,8.7,1991000,0
C1049,27,26,95900,2,8,5,60.2,Mensual,Debito automatico,3.6,1285000,1
C1050,27,8,54200,1,6,0,58.1,Mensual,Tarjeta,5.2,1035000,1
C1051,25,1,107200,2,2,0,49.5,Mensual,Transferencia,5.8,1423000,0
C1052,24,16,48700,1,2,2,28.9,Mensual,Debito automatico,4.9,526000,1
C1053,41,31,62600,2,6,3,62.1,Mensual,Debito automatico,5.2,815000,0
C1054,39,24,67900,1,9,5,65.1,Bianual,Debito automatico,,944000,1
C1055,39,13,69000,2,6,4,67.8,Mensual,Debito automatico,5.5,791000,0
C1056,39,26,50300,1,8,1,40.3,Anual,Debito automatico,3.6,577000,1
C1057,46,47,134600,3,1,0,63.3,Anual,Transferencia,7.0,1777000,0
C1058,23,29,110800,3,5,0,73.8,Mensual,Debito automatico,7.8,1463000,1
C1059,24,1,48300,2,8,3,18.6,Mensual,Efectivo,3.1,662000,1
C1060,18,16,79200,3,2,2,23.7,Anual,Tarjeta,6.2,1111000,1
C1061,36,1,91700,3,8,4,72.2,Anual,Transferencia,3.9,1100000,1
C1062,41,51,112000,2,1,0,85.3,Anual,Tarjeta,9.3,1238000,0
C1063,50,41,128300,4,3,0,91.1,Mensual,Debito automatico,5.9,1595000,0
C1064,46,42,97900,3,7,3,42.4,Mensual,Efectivo,5.6,1370000,0
C1065,38,17,75400,2,7,2,54.6,Mensual,Transferencia,5.1,1038000,1
C1066,37,57,165100,4,1,0,97.4,Anual,Debito automatico,9.9,1992000,0
C1067,45,42,148500,4,0,1,97.5,Mensual,Debito automatico,8.2,1848000,0
C1068,37,50,118100,3,1,1,76.4,Mensual,Debito automatico,9.6,1529000,0
C1069,27,18,72500,2,3,3,36.6,Mensual,Efectivo,4.6,1058000,1
C1070,49,42,162200,5,0,1,123.2,Mensual,Debito automatico,9.2,2077000,0
C1071,22,22,50400,1,3,2,33.7,Mensual,Tarjeta,5.4,593000,0
C1072,48,34,105800,3,0,0,76.9,Mensual,Tarjeta,6.2,1291000,1
C1073,58,82,146500,4,1,1,69.2,Bianual,Transferencia,6.0,1727000,0
C1074,19,21,57200,1,4,1,35.5,Mensual,Transferencia,6.4,784000,1
C1075,35,17,32800,1,0,1,31.6,Mensual,Transferencia,5.4,631000,1
C1076,47,75,102200,3,3,1,87.5,Anual,Transferencia,8.8,1313000,0
C1077,42,37,143500,5,0,1,64.9,Anual,Transferencia,6.0,1815000,0
C1078,30,5,81000,2,8,5,46.6,Mensual,Efectivo,1.4,1147000,1
C1079,34,34,128400,4,0,0,85.6,Bianual,Transferencia,10.0,1626000,0
C1080,31,33,92000,1,4,5,59.4,Mensual,,5.2,1102000,1
C1081,41,31,92300,3,6,1,52.9,Mensual,Transferencia,2.8,1474000,1
C1082,33,49,140500,4,3,1,85.2,Anual,Debito automatico,8.3,1768000,0
C1083,56,62,124100,4,3,1,73.0,Anual,Tarjeta,8.7,1600000,0
C1084,18,19,90200,2,4,1,48.2,Mensual,Tarjeta,6.9,1245000,0
C1085,25,1,65500,2,2,2,32.4,Mensual,Efectivo,6.6,900000,1
C1086,28,24,53600,1,6,2,40.4,Anual,Efectivo,7.8,815000,0
C1087,57,64,105700,3,12,3,53.3,Anual,Debito automatico,3.2,1302000,1
C1088,29,53,158300,5,0,2,97.2,Anual,Debito automatico,8.3,2061000,0
C1089,40,16,58200,1,0,1,40.0,Mensual,Transferencia,6.4,762000,0
C1090,42,41,119100,3,2,0,101.9,Anual,Debito automatico,8.0,1587000,0
C1091,30,1,92800,2,7,0,45.4,Anual,Tarjeta,5.9,1158000,0
C1092,37,16,110800,3,5,5,71.4,Anual,Tarjeta,4.2,1339000,0
C1093,45,33,98800,2,0,0,86.4,Bianual,Tarjeta,8.3,1240000,0
C1094,40,28,129300,4,1,0,91.9,Anual,Debito automatico,7.0,1671000,0
C1095,53,72,140300,3,1,0,105.0,Anual,Tarjeta,9.3,1661000,0
C1096,32,28,107300,3,7,5,51.6,Mensual,Transferencia,2.9,1545000,1
C1097,51,53,111900,3,1,0,77.9,Bianual,Tarjeta,8.0,1420000,0
C1098,22,4,62100,1,3,1,,Mensual,Efectivo,6.0,802000,1
C1099,26,6,94400,3,2,2,40.6,Mensual,Efectivo,6.8,1212000,1
C1100,43,92,107600,3,3,0,58.8,Anual,Debito automatico,4.8,1397000,0
C1101,56,78,156500,5,3,1,70.8,Anual,Tarjeta,8.5,2049000,0
C1102,48,31,138100,4,4,2,60.5,Mensual,Efectivo,3.3,1687000,1
C1103,26,5,62600,2,1,1,5.0,Mensual,Efectivo,7.9,870000,0
C1104,50,73,131400,3,3,0,68.5,Anual,Debito automatico,6.8,1705000,0
C1105,27,4,72900,1,6,3,59.5,Anual,Efectivo,4.0,666000,1
C1106,34,1,94600,2,5,3,59.4,Mensual,Tarjeta,6.5,1255000,0
C1107,27,44,162500,4,2,1,110.7,Mensual,Tarjeta,8.0,2207000,1
C1108,19,9,74200,2,3,2,14.5,Anual,Tarjeta,7.9,982000,1
C1109,29,1,61900,1,2,0,20.8,Mensual,Tarjeta,6.4,886000,1
C1110,63,78,113900,4,2,0,30.2,Anual,Debito automatico,7.9,1429000,0
C1111,65,49,133800,3,1,2,80.3,Anual,Debito automatico,8.4,1548000,0
C1112,22,1,56000,2,2,0,27.7,Bianual,Efectivo,7.5,526000,0
C1113,53,35,142200,5,2,1,79.8,Anual,Tarjeta,7.4,1918000,0
C1114,43,54,124100,3,3,0,105.7,Bianual,Transferencia,7.1,1564000,0
C1115,26,13,55400,1,4,0,47.8,Anual,Debito automatico,5.6,809000,1
C1116,56,62,91900,3,6,1,73.2,Anual,Debito automatico,7.5,1115000,0
C1117,37,26,117200,3,2,4,56.1,Mensual,Debito automatico,3.8,1602000,0
C1118,37,38,86600,2,10,5,78.4,Mensual,Debito automatico,5.0,1002000,1
C1119,38,59,122400,3,0,1,87.7,Anual,Debito automatico,9.9,1433000,0
C1120,24,23,60300,2,2,4,48.9,Anual,Debito automatico,,756000,1
C1121,23,17,82400,2,5,5,34.5,Mensual,Efectivo,3.2,1132000,1
C1122,42,15,92300,3,1,5,54.9,Mensual,Debito automatico,2.3,1362000,0
C1123,25,15,95500,4,3,2,46.1,Mensual,Debito automatico,8.9,1280000,1
C1124,36,51,156500,4,1,1,124.4,Anual,Tarjeta,8.7,1867000,0
C1125,27,17,59400,2,3,0,35.0,Anual,Tarjeta,7.0,681000,0
C1126,48,50,107800,3,1,2,75.8,Bianual,Debito automatico,6.6,1224000,0
C1127,43,59,99900,2,0,0,69.0,Mensual,Debito automatico,8.3,1514000,0
C1128,21,9,92200,2,1,3,42.8,Mensual,Efectivo,7.0,1261000,1
C1129,37,19,41600,2,4,0,5.8,Anual,Debito automatico,6.1,669000,0
C1130,49,36,87600,2,6,4,70.8,Mensual,Efectivo,5.4,1124000,1
C1131,31,1,92400,3,3,0,47.1,Mensual,Debito automatico,9.3,1250000,0
C1132,60,53,143200,4,2,2,79.0,Anual,Debito automatico,6.2,1856000,0
C1133,47,46,117800,3,3,2,58.5,Anual,Transferencia,2.8,1420000,1
C1134,51,52,121400,4,2,1,97.0,Bianual,Debito automatico,7.2,1455000,0
C1135,41,1,87800,2,11,4,64.7,Mensual,Debito automatico,6.1,1107000,1
C1136,32,1,65000,1,4,0,21.6,Anual,Debito automatico,7.7,768000,0
C1137,56,89,169800,4,2,1,101.6,Bianual,Debito automatico,7.2,2033000,0
C1138,32,44,117200,4,1,3,82.4,Anual,Transferencia,8.3,1394000,0
C1139,42,17,84800,2,5,5,74.4,Anual,Debito automatico,3.1,1065000,1
C1140,18,28,64800,2,5,1,5.0,Mensual,Tarjeta,7.5,907000,0
C1141,34,33,127200,3,3,0,108.4,Mensual,Debito automatico,7.8,1668000,0
C1142,52,37,132000,4,1,0,111.5,Bianual,Tarjeta,8.0,1527000,0
C1143,59,81,142700,5,0,1,72.5,Bianual,Debito automatico,8.2,1752000,0
C1144,54,53,142500,3,3,0,,Bianual,Debito automatico,8.1,1657000,0
C1145,39,55,110600,3,1,1,96.9,Bianual,Transferencia,8.0,1333000,0
C1146,18,21,99100,3,3,3,23.7,Bianual,Transferencia,6.4,1297000,0
C1147,39,51,104800,2,1,0,96.8,Anual,Debito automatico,9.3,1174000,0
C1148,42,55,116800,3,2,1,75.1,Bianual,Tarjeta,10.0,1609000,0
C1149,42,44,148100,4,2,1,78.3,Bianual,Tarjeta,9.0,1777000,0
C1150,37,9,107500,4,2,1,52.0,Anual,Debito automatico,7.4,1417000,0
C1151,49,80,132200,4,6,2,87.6,Bianual,Transferencia,7.2,1544000,0
C1152,55,81,142200,5,2,1,60.7,Anual,Debito automatico,6.5,1922000,0
C1153,19,19,62100,2,1,2,22.3,Mensual,Efectivo,7.2,809000,0
C1154,45,56,120400,3,1,0,77.7,Bianual,Tarjeta,8.5,1409000,0
C1155,27,9,77500,2,4,2,45.7,Mensual,Debito automatico,4.6,972000,1
C1156,30,13,95300,2,4,4,46.0,Mensual,Efectivo,3.7,1208000,1
C1157,39,49,106300,3,2,0,93.7,Anual,Transferencia,8.2,1383000,0
C1158,34,24,68200,1,3,6,73.9,Bianual,Efectivo,3.5,782000,0
C1159,34,27,75300,2,4,5,60.6,Mensual,Tarjeta,6.0,972000,1
C1160,51,55,108200,3,5,5,78.2,Anual,Transferencia,4.7,1274000,0
C1161,26,1,49100,2,2,2,,Bianual,Debito automatico,8.1,531000,0
C1162,50,84,134100,5,1,1,68.6,Mensual,Efectivo,7.7,1767000,0
C1163,18,23,48500,2,0,2,18.4,Anual,Tarjeta,6.5,655000,1
C1164,19,9,96800,2,6,1,50.3,Anual,Tarjeta,5.2,1277000,1
C1165,39,81,98700,3,2,0,75.7,Anual,Tarjeta,8.3,1329000,0
C1166,35,43,106300,3,3,0,93.6,Anual,Tarjeta,8.3,1347000,0
C1167,64,83,115400,3,2,0,70.9,Anual,Debito automatico,5.7,1487000,0
C1168,51,67,138200,4,2,3,55.2,Anual,Debito automatico,6.7,1708000,0
C1169,52,43,122900,4,2,1,78.3,Anual,Debito automatico,7.9,1393000,0
C1170,53,81,169300,6,3,0,94.1,Bianual,Tarjeta,7.9,2071000,0
C1171,41,60,156500,4,3,0,91.2,Mensual,Transferencia,8.9,2043000,0
C1172,40,52,122200,3,3,3,71.9,Bianual,Efectivo,7.6,1355000,1
C1173,27,26,68000,1,3,0,38.9,Bianual,Transferencia,7.0,755000,0
C1174,67,77,119400,4,3,1,69.7,Bianual,Debito automatico,7.2,1478000,0
C1175,18,3,110800,2,6,1,89.3,Anual,Efectivo,2.8,1271000,1
C1176,18,46,54400,2,2,0,38.6,Anual,Debito automatico,5.8,637000,0
C1177,36,54,122200,4,1,2,81.9,Anual,Tarjeta,9.6,1686000,0
C1178,52,68,156000,4,2,1,94.7,Anual,Transferencia,5.3,1796000,0
C1179,58,68,142800,5,4,2,42.5,Bianual,Tarjeta,7.5,1736000,0
C1180,40,11,81700,1,5,2,63.5,Anual,Debito automatico,6.1,885000,0
C1181,49,91,148200,6,2,2,103.9,Anual,Debito automatico,6.4,1833000,0
C1182,61,73,103500,3,2,0,70.1,Anual,Debito automatico,7.4,1291000,0
C1183,50,50,110200,4,0,2,60.3,Bianual,Debito automatico,6.7,1246000,0
C1184,43,47,114000,3,6,0,81.7,Anual,Debito automatico,10.0,1506000,0
C1185,44,34,86400,2,4,9,85.3,Mensual,Debito automatico,4.0,1213000,1
C1186,38,12,92800,2,7,3,68.0,Mensual,Transferencia,4.2,1303000,0
C1187,36,33,146100,4,1,1,74.6,Bianual,Tarjeta,10.0,1854000,0
C1188,33,11,66500,2,1,1,23.0,Anual,Tarjeta,7.2,704000,1
C1189,37,32,101100,3,6,4,53.0,Mensual,Efectivo,3.0,1320000,1
C1190,27,13,80000,3,5,1,39.8,Anual,Efectivo,5.6,1084000,0
C1191,65,67,132300,5,2,3,93.4,Bianual,Tarjeta,8.0,1702000,0
C1192,18,17,73200,3,2,1,50.8,Bianual,Efectivo,5.6,1078000,0
C1193,18,1,55300,2,1,0,41.3,Mensual,Tarjeta,3.8,852000,0
C1194,42,71,131200,5,5,0,50.7,Anual,Transferencia,7.3,1791000,0
C1195,24,1,63900,2,4,0,12.8,Bianual,Efectivo,4.5,1045000,0
C1196,25,26,54200,1,1,0,42.5,Mensual,Tarjeta,8.4,718000,0
C1197,23,33,97400,3,2,7,40.5,Mensual,Debito automatico,4.3,1229000,0
C1198,44,86,155700,5,3,0,68.4,Anual,Tarjeta,6.3,2001000,0
C1199,20,25,100300,2,5,2,38.9,Mensual,Tarjeta,5.5,1228000,0
C1200,62,87,129700,4,3,1,69.8,Bianual,Debito automatico,5.9,1587000,0
C1201,51,1,92900,3,11,7,45.6,Mensual,Transferencia,2.7,1076000,1
C1202,49,68,133800,4,1,0,70.5,Bianual,Debito automatico,8.7,1575000,0
C1203,38,39,109100,1,2,1,96.1,Anual,Debito automatico,10.0,1302000,0
C1204,18,1,74300,3,5,1,51.0,Mensual,Transferencia,7.3,1116000,1
C1205,18,1,84500,1,3,3,43.7,Mensual,Transferencia,6.3,1179000,0
C1206,26,4,56500,1,3,0,35.2,Mensual,Debito automatico,5.9,655000,1
C1207,19,1,47400,1,6,1,22.1,Mensual,Debito automatico,5.2,836000,1
C1208,35,29,80400,2,8,7,44.9,Mensual,Transferencia,6.7,1057000,1
C1209,18,9,56300,1,2,0,25.8,Mensual,Tarjeta,6.2,762000,1
C1210,35,55,110900,3,2,1,94.6,Anual,Tarjeta,10.0,1236000,0
C1211,37,31,86900,2,7,2,67.4,Anual,Debito automatico,5.8,1036000,1
C1212,39,32,95500,3,5,3,28.4,Mensual,Tarjeta,1.9,1376000,0
C1213,31,3,97500,4,5,0,21.4,Mensual,Tarjeta,5.6,1367000,1
C1214,41,108,153700,5,2,3,91.3,Anual,Debito automatico,6.6,1944000,0
C1215,43,27,93600,3,1,3,63.3,Anual,Transferencia,4.0,1188000,1
C1216,29,1,86300,2,9,5,39.3,Mensual,Debito automatico,4.0,999000,1
C1217,32,1,102600,2,7,1,71.7,Anual,Tarjeta,10.0,1277000,0
C1218,27,1,82400,2,0,2,33.5,Anual,Debito automatico,5.1,1144000,1
C1219,40,78,137400,4,1,2,78.1,Mensual,Tarjeta,7.7,1919000,0
C1220,38,46,130800,3,1,0,94.4,Bianual,Efectivo,9.1,1552000,0
C1221,44,41,137700,4,1,1,82.1,Bianual,Tarjeta,8.3,1811000,0
C1222,46,76,170800,5,2,0,76.4,Bianual,Tarjeta,8.4,1956000,0
C1223,35,32,120400,2,6,3,95.9,Mensual,Transferencia,2.8,1471000,1
C1224,65,88,118300,3,2,1,88.1,Bianual,Debito automatico,7.5,1597000,0
C1225,50,35,112500,3,2,1,101.2,Anual,Tarjeta,8.9,1463000,1
C1226,50,64,116400,3,1,2,81.2,Anual,Tarjeta,7.8,1415000,0
C1227,33,9,53600,2,1,1,17.9,Anual,Tarjeta,7.1,678000,0
C1228,57,50,148600,4,1,1,108.4,Anual,Tarjeta,10.0,1780000,0
C1229,53,1,78800,2,6,3,48.5,Mensual,Tarjeta,5.3,1070000,1
C1230,18,5,86800,2,4,1,38.5,Mensual,Debito automatico,6.5,1169000,1
C1231,19,8,42600,2,3,0,7.8,Mensual,Efectivo,4.9,603000,1
C1232,54,45,98100,4,1,0,55.3,Anual,Debito automatico,7.5,1160000,0
C1233,43,67,114500,3,2,1,77.1,Bianual,Tarjeta,7.1,1402000,0
C1234,25,16,68800,2,3,5,49.1,Anual,Efectivo,4.4,791000,1
C1235,48,76,112800,5,1,1,40.2,Bianual,Debito automatico,6.8,1316000,0
C1236,56,79,151100,6,4,0,80.6,Bianual,Debito automatico,6.2,2011000,0
C1237,40,56,129900,3,2,3,121.9,Anual,Efectivo,6.8,1804000,1
C1238,30,39,117800,3,6,1,84.2,Mensual,Transferencia,2.0,1758000,1
C1239,21,4,63000,2,6,4,29.9,Mensual,Tarjeta,6.1,901000,1
C1240,21,2,68200,2,2,1,34.1,Mensual,Efectivo,4.6,883000,1
C1241,45,84,149700,5,2,0,86.2,Anual,Transferencia,6.1,1903000,0
C1242,55,33,129200,3,7,3,80.0,Mensual,Efectivo,3.6,1744000,1
C1243,30,2,100300,3,2,1,28.5,Mensual,Efectivo,4.7,1297000,1
C1244,49,59,134300,4,0,0,88.5,Anual,Debito automatico,8.8,1817000,0
C1245,32,38,132600,5,4,3,66.8,Anual,Tarjeta,5.0,1501000,0
C1246,50,96,132200,4,2,1,80.9,Anual,Debito automatico,6.7,1640000,0
C1247,30,49,116200,4,9,3,59.9,Anual,Efectivo,3.6,1573000,1
C1248,18,36,138400,4,4,0,86.1,Bianual,Transferencia,9.0,1611000,0
C1249,29,48,174200,5,2,1,110.1,Anual,Debito automatico,7.4,2167000,0
C1250,26,48,102800,3,2,0,107.4,Bianual,Debito automatico,7.3,1309000,0
C1251,18,23,109300,3,5,3,69.6,Mensual,Debito automatico,,1592000,1
C1252,42,69,179000,6,1,0,99.5,Anual,Debito automatico,8.5,2155000,0
C1253,52,27,117600,3,2,0,81.8,Anual,Debito automatico,9.1,1346000,0
C1254,27,9,74800,2,6,2,60.0,Anual,Tarjeta,7.6,858000,1
C1255,38,1,49100,1,7,1,42.7,Mensual,Transferencia,3.9,519000,1
C1256,39,25,124300,2,8,2,114.3,Mensual,Debito automatico,,1489000,1
C1257,59,67,104400,4,1,1,52.9,Anual,Transferencia,7.9,1244000,0
C1258,19,1,47300,2,4,0,23.0,Mensual,Tarjeta,7.7,781000,0
C1259,31,11,112700,4,0,0,40.7,Mensual,Efectivo,6.9,1489000,0
C1260,42,26,125100,4,7,5,68.4,Mensual,Tarjeta,4.2,1670000,1
C1261,22,16,70100,1,1,1,65.2,Anual,Tarjeta,6.1,759000,0
C1262,57,109,126500,5,1,2,61.3,Anual,Debito automatico,7.9,1677000,0
C1263,46,52,134700,4,0,1,102.5,Bianual,Transferencia,7.9,1802000,0
C1264,22,15,83100,1,3,1,52.6,Mensual,Efectivo,7.5,987000,0
C1265,42,63,118300,4,3,1,83.3,Bianual,Transferencia,5.4,1616000,0
C1266,18,1,39400,2,4,1,18.6,Anual,Efectivo,5.7,564000,0
C1267,42,70,111500,2,0,1,110.5,Anual,Tarjeta,10.0,1361000,0
C1268,30,1,64100,1,4,1,53.7,Anual,Transferencia,5.6,830000,1
C1269,20,1,73800,2,2,1,43.6,Mensual,Efectivo,,1016000,1
C1270,27,7,81100,2,4,0,,Anual,Transferencia,5.3,1204000,0
C1271,32,7,72200,1,3,0,37.6,Anual,Tarjeta,6.8,940000,1
C1272,32,1,60400,1,1,1,32.7,Anual,Efectivo,5.5,787000,0
C1273,40,4,82600,2,2,0,44.3,Mensual,Tarjeta,6.2,1056000,1
C1274,47,41,106900,3,2,3,62.5,Anual,Debito automatico,5.2,1407000,0
C1275,27,13,82500,2,5,4,48.4,Mensual,Tarjeta,3.2,987000,1
C1276,55,28,122100,5,2,0,71.2,Anual,Tarjeta,9.3,1595000,0
C1277,36,61,100700,3,3,0,76.0,Bianual,Debito automatico,9.3,1507000,0
C1278,50,55,119000,4,1,0,91.6,Bianual,Tarjeta,9.6,1221000,0
C1279,53,69,126900,4,4,1,71.6,Anual,Debito automatico,7.6,1637000,0
C1280,48,56,144000,5,5,4,75.4,Bianual,Transferencia,10.0,1783000,1
C1281,18,1,43400,1,1,2,42.0,Mensual,Efectivo,7.7,537000,1
C1282,26,7,84800,3,3,0,24.0,Mensual,Tarjeta,6.8,1136000,0
C1283,18,24,57600,1,3,0,57.5,Anual,Debito automatico,5.3,728000,1
C1284,35,1,70200,3,1,0,29.7,Anual,Tarjeta,6.3,890000,1
C1285,54,47,121000,4,1,1,81.1,Bianual,Tarjeta,10.0,1495000,0
C1286,34,57,119200,4,4,2,95.7,Anual,Debito automatico,10.0,1470000,0
C1287,30,1,77100,3,3,1,5.0,Anual,Transferencia,8.2,1189000,0
C1288,35,62,122700,4,3,0,75.4,Anual,Tarjeta,9.3,1545000,0
C1289,36,31,142000,3,0,0,103.7,Mensual,Tarjeta,6.7,1910000,0
C1290,34,13,47500,2,1,0,6.2,Anual,Tarjeta,7.0,556000,0
C1291,52,81,163600,6,3,0,89.9,Anual,Debito automatico,5.8,2194000,0
C1292,42,23,92800,1,2,1,58.2,Mensual,Debito automatico,4.5,1257000,0
C1293,48,86,136100,6,2,0,66.1,Mensual,Debito automatico,7.7,1915000,0
C1294,35,1,87100,2,3,1,,Anual,Tarjeta,7.1,989000,0
C1295,53,67,154500,4,5,3,89.9,Bianual,Tarjeta,8.5,1783000,0
C1296,59,80,120700,3,2,1,64.5,Bianual,Transferencia,8.0,1607000,0
C1297,48,75,139900,4,1,2,85.9,Mensual,Debito automatico,8.1,1775000,0
C1298,52,85,124900,3,2,2,61.3,Anual,Transferencia,6.2,1608000,0
C1299,35,35,84800,2,7,4,54.4,Mensual,Transferencia,4.0,1026000,1
C1300,29,33,69600,2,1,5,49.2,Mensual,Tarjeta,2.2,987000,1
C1301,42,21,71700,1,8,4,67.5,Anual,Transferencia,1.6,812000,1
C1302,33,1,70900,2,5,2,,Anual,Efectivo,7.3,806000,0
C1303,46,42,103700,3,1,1,85.1,Anual,Debito automatico,7.4,1233000,0
C1304,54,54,124100,3,2,1,67.7,Bianual,Transferencia,9.4,1433000,0
C1305,64,63,108900,4,1,1,54.7,Bianual,Efectivo,8.8,1376000,0
C1306,38,57,134600,4,1,3,94.3,Anual,Debito automatico,7.5,1683000,0
C1307,44,61,129200,4,1,0,117.5,Anual,Tarjeta,9.0,1532000,0
C1308,31,26,85900,2,2,8,68.3,Anual,Debito automatico,3.3,1013000,1
C1309,27,1,53500,2,3,1,27.8,Mensual,Tarjeta,4.1,621000,1
C1310,22,1,63600,2,2,0,46.3,Anual,Transferencia,6.6,874000,0
C1311,55,74,110100,3,1,2,84.2,Anual,Tarjeta,7.7,1447000,0
C1312,44,40,126200,3,4,0,81.9,Anual,Tarjeta,7.7,1584000,0
C1313,25,1,69700,2,1,2,18.7,Mensual,Debito automatico,8.9,941000,1
C1314,51,65,154400,4,3,0,110.5,Bianual,Debito automatico,6.4,2034000,0
C1315,23,48,97900,3,3,0,47.4,Anual,Transferencia,8.8,1234000,0
C1316,24,63,133400,4,0,2,100.8,Anual,Transferencia,7.1,1576000,0
C1317,48,52,132100,3,0,1,80.6,Mensual,Tarjeta,9.4,1780000,0
C1318,37,30,79500,2,6,4,55.4,Mensual,Transferencia,4.5,938000,1
C1319,43,53,145300,3,0,0,115.1,Bianual,Debito automatico,8.8,1703000,0
C1320,41,88,160500,6,2,0,60.6,Bianual,Tarjeta,6.2,1931000,0
C1321,52,110,115000,4,0,0,61.1,Bianual,Debito automatico,6.4,1343000,0
C1322,58,62,108200,3,1,1,85.9,Anual,Efectivo,9.5,1330000,0
C1323,48,26,140000,5,0,0,94.6,Anual,Tarjeta,10.0,1872000,1
C1324,42,54,101300,3,0,1,80.9,Mensual,Tarjeta,8.9,1446000,0
C1325,48,94,137000,6,4,2,46.8,Bianual,Debito automatico,6.3,1804000,0
C1326,33,41,94200,2,7,4,48.1,Bianual,Tarjeta,4.5,1152000,1
C1327,34,72,114000,3,3,1,92.5,Bianual,Debito automatico,10.0,1351000,0
C1328,43,64,133700,3,2,2,89.2,Anual,Debito automatico,8.4,1426000,0
C1329,43,37,91700,2,7,6,69.2,Mensual,Transferencia,5.9,1222000,1
C1330,28,84,143000,3,0,1,83.8,Bianual,Tarjeta,7.4,1473000,0
C1331,30,13,118200,5,6,6,51.4,Mensual,Transferencia,4.0,1414000,1
C1332,18,1,84500,2,4,0,60.8,Mensual,Tarjeta,7.2,1113000,1
C1333,28,20,88500,3,2,7,59.0,Bianual,Tarjeta,4.6,1064000,0
C1334,52,71,117500,4,1,1,64.9,Anual,Debito automatico,6.4,1448000,0
C1335,18,1,90300,1,5,1,51.5,Mensual,Tarjeta,5.4,1316000,1
C1336,41,1,107100,3,7,6,50.4,Mensual,Tarjeta,5.3,1451000,1
C1337,33,2,69800,1,5,3,24.5,Mensual,Efectivo,7.9,875000,1
C1338,34,29,70200,1,6,6,62.2,Mensual,Debito automatico,6.0,1018000,1
C1339,18,1,69100,1,1,0,34.0,Mensual,Tarjeta,8.7,1044000,0
C1340,44,105,146800,6,2,0,76.2,Anual,Debito automatico,7.6,1952000,0
C1341,37,8,63100,1,3,0,67.5,Mensual,Debito automatico,6.0,755000,1
C1342,28,96,149200,5,2,1,77.4,Mensual,Transferencia,9.1,1951000,0
C1343,49,82,109900,4,4,0,34.0,Bianual,Transferencia,8.3,1232000,0
C1344,26,36,120700,4,4,4,67.2,Mensual,Transferencia,2.9,1602000,0
C1345,43,28,88600,1,5,3,62.6,Mensual,Tarjeta,2.8,1034000,1
C1346,30,43,111000,3,5,4,62.7,Anual,Transferencia,4.7,1351000,0
C1347,55,79,148100,4,2,0,75.9,Anual,,7.2,1887000,0
C1348,32,15,75100,3,6,1,33.5,Mensual,Debito automatico,6.4,852000,1
C1349,52,29,111400,2,8,4,61.2,Mensual,Tarjeta,,1332000,1
C1350,25,4,96200,2,0,1,43.8,Bianual,Transferencia,7.3,1085000,1
C1351,39,30,81000,2,3,5,53.3,Mensual,Transferencia,5.8,1038000,1
C1352,18,39,30400,1,1,4,18.8,Anual,Efectivo,4.0,313000,1
C1353,51,44,115700,2,3,0,136.4,Bianual,Transferencia,8.6,1349000,0
C1354,35,54,103100,3,0,0,76.5,Anual,Tarjeta,9.2,1229000,0
C1355,36,66,156400,4,0,1,89.6,Bianual,Tarjeta,6.4,1731000,0
C1356,41,64,111400,3,1,0,64.1,Mensual,Debito automatico,7.5,1428000,0
C1357,23,24,87100,2,7,3,63.9,Mensual,Transferencia,3.0,1132000,1
C1358,38,1,59900,1,6,3,47.1,Anual,Debito automatico,4.1,707000,1
C1359,49,55,99800,3,0,1,80.9,Anual,Debito automatico,10.0,1261000,0
C1360,38,1,121200,3,8,3,78.7,Anual,Tarjeta,6.6,1563000,1
C1361,38,99,149000,5,3,0,79.6,Mensual,Debito automatico,6.4,2078000,0
C1362,26,10,101600,2,3,1,43.1,Mensual,Debito automatico,7.1,1270000,1
C1363,33,22,65600,2,5,0,5.7,Mensual,Tarjeta,7.1,747000,1
C1364,18,1,85200,1,1,1,63.4,Mensual,Debito automatico,6.9,1209000,1
C1365,27,2,105700,4,3,3,42.9,Mensual,Efectivo,4.6,1459000,1
C1366,48,52,140600,5,1,1,112.5,Bianual,Tarjeta,8.7,1632000,0
C1367,38,24,97600,3,7,4,78.3,Anual,Tarjeta,6.2,1260000,1
C1368,40,17,120600,5,13,2,71.2,Mensual,Transferencia,5.5,1790000,1
C1369,57,49,126300,3,4,1,74.3,Mensual,Tarjeta,7.0,1835000,0
C1370,56,117,110500,3,4,0,74.4,Bianual,Debito automatico,8.4,1372000,0
C1371,42,36,95800,2,9,7,54.5,Anual,Efectivo,5.2,1271000,1
C1372,50,23,72600,2,1,0,34.5,Mensual,Transferencia,6.8,852000,0
C1373,39,60,149500,6,0,0,84.0,Anual,Debito automatico,9.7,1923000,0
C1374,34,69,86800,3,2,1,55.4,Anual,Tarjeta,8.5,1074000,0
C1375,31,5,74800,1,5,0,51.9,Mensual,Efectivo,6.7,1017000,1
C1376,31,1,60900,1,0,1,32.7,Mensual,Transferencia,6.6,934000,1
C1377,48,75,150300,5,3,0,64.2,Bianual,Debito automatico,4.9,1873000,0
C1378,32,59,115200,4,0,0,79.0,Anual,Tarjeta,8.2,1378000,0
C1379,61,34,128400,3,2,1,93.7,Bianual,Debito automatico,7.5,1414000,0
C1380,39,22,91000,1,4,2,47.7,Mensual,Efectivo,2.6,1323000,1
C1381,35,38,103600,3,2,0,51.9,Anual,Debito automatico,10.0,1360000,0
C1382,60,99,169200,6,1,0,78.5,Anual,Tarjeta,8.0,2205000,0
C1383,35,34,113900,3,9,4,70.3,Mensual,Transferencia,4.1,1483000,1
C1384,39,57,153400,4,0,1,84.8,Anual,Debito automatico,7.6,1934000,0
C1385,46,57,141600,5,2,2,69.6,Bianual,Transferencia,8.7,1637000,0
C1386,41,77,170700,6,3,0,73.4,Mensual,Debito automatico,8.6,2349000,0
C1387,39,27,76900,2,12,4,38.6,Mensual,Transferencia,3.1,928000,1
C1388,68,61,109400,4,3,2,55.6,Anual,Debito automatico,7.4,1363000,0
C1389,31,1,35900,1,1,1,22.0,Mensual,Transferencia,7.5,412000,1
C1390,49,80,148700,4,2,2,85.5,Anual,Tarjeta,5.0,1545000,0
C1391,32,29,61600,1,6,1,56.2,Mensual,Debito automatico,4.0,783000,0
C1392,24,25,62600,1,4,2,26.8,Mensual,Transferencia,5.9,727000,0
C1393,34,46,95300,1,7,4,93.3,Anual,Transferencia,3.9,1130000,1
C1394,33,46,114400,3,5,3,67.6,Anual,Efectivo,3.5,1430000,1
C1395,35,1,53300,1,2,2,39.4,Mensual,Transferencia,6.6,855000,0
C1396,26,43,133600,5,2,0,82.1,Bianual,Tarjeta,10.0,1685000,0
C1397,59,85,125300,4,1,0,62.5,Anual,,7.0,1622000,0
C1398,38,83,125200,5,1,0,53.0,Anual,Tarjeta,8.7,1664000,0
C1399,44,69,108700,3,2,1,103.5,Anual,Debito automatico,10.0,1447000,0
C1400,31,64,132200,2,1,1,95.2,Anual,Tarjeta,7.6,1651000,0
C1401,52,43,133900,5,2,0,85.1,Bianual,Debito automatico,10.0,1686000,0
C1402,63,66,142700,6,0,0,69.8,Anual,Tarjeta,7.4,1914000,0
C1403,44,35,95100,2,12,4,73.8,Mensual,Efectivo,6.3,1036000,1
C1404,18,1,61400,1,4,1,9.1,Mensual,Tarjeta,7.3,1003000,1
C1405,59,75,79800,3,0,0,62.6,Anual,Tarjeta,7.8,1173000,0
C1406,55,76,128900,4,2,0,53.8,Anual,Debito automatico,7.3,1657000,0
C1407,27,70,134500,4,2,0,116.3,Anual,Transferencia,7.5,1568000,0
C1408,52,73,143000,4,1,1,86.0,Mensual,Debito automatico,7.5,2009000,0
C1409,30,1,30700,1,4,2,5.0,Anual,Transferencia,7.5,326000,1
C1410,57,85,140900,4,0,1,47.8,Bianual,Tarjeta,7.4,1745000,0
C1411,38,14,104800,3,6,2,59.9,Mensual,Transferencia,3.7,1282000,0
C1412,38,25,76700,2,10,4,54.4,Mensual,Efectivo,3.8,1240000,1
C1413,40,7,44600,1,3,1,12.8,Mensual,Tarjeta,7.6,454000,1
C1414,62,74,132400,3,3,2,103.1,Bianual,Debito automatico,8.9,1583000,1
C1415,18,19,61000,1,2,1,39.0,Anual,Efectivo,5.6,545000,1
C1416,24,1,100900,3,3,1,41.6,Mensual,Transferencia,5.6,1345000,0
C1417,26,1,48000,1,4,1,22.9,Bianual,Tarjeta,6.9,540000,1
C1418,21,34,94400,3,6,5,73.6,Mensual,Efectivo,6.0,1360000,1
C1419,28,1,67200,2,5,0,27.9,Mensual,Efectivo,7.8,877000,1
C1420,63,55,146400,5,2,1,67.5,Anual,Transferencia,5.8,1971000,0
C1421,27,33,82900,2,6,3,71.8,Anual,Transferencia,3.8,938000,0
C1422,30,24,46700,1,3,0,7.9,Anual,Tarjeta,5.2,564000,0
C1423,19,7,85800,2,4,0,59.6,Mensual,Efectivo,6.1,1120000,1
C1424,21,1,51600,1,1,0,36.9,Bianual,Efectivo,8.4,662000,0
C1425,49,34,121200,3,4,5,82.5,Anual,Transferencia,2.3,1525000,1
C1426,47,55,109700,5,4,0,54.8,Anual,Debito automatico,5.4,1517000,0
C1427,31,12,82000,4,2,0,19.2,Mensual,Tarjeta,5.4,1170000,1
C1428,36,66,152600,5,3,1,,Mensual,Debito automatico,7.8,2113000,0
C1429,43,1,85500,1,0,0,38.0,Mensual,Tarjeta,7.2,1010000,0
C1430,57,72,167300,5,1,0,73.1,Anual,Transferencia,7.9,2149000,0
C1431,50,75,124100,4,2,0,64.6,Bianual,Debito automatico,8.9,1674000,0
C1432,41,15,106500,4,4,3,45.8,Bianual,Efectivo,1.9,1149000,1
C1433,24,32,116600,4,3,2,41.7,Mensual,Tarjeta,5.6,1612000,0
C1434,62,72,143900,4,5,0,,Anual,Tarjeta,7.0,1891000,0
C1435,24,22,75400,2,2,0,26.6,Mensual,Tarjeta,7.3,1145000,0
C1436,25,12,59000,1,2,0,23.0,Anual,Transferencia,4.7,800000,0
C1437,23,1,94500,2,4,1,58.8,Mensual,Efectivo,6.4,1255000,1
C1438,36,36,133900,4,0,0,86.7,Bianual,Debito automatico,8.6,1663000,0
C1439,42,1,97000,3,6,5,82.3,Anual,Efectivo,5.5,1144000,1
C1440,38,28,98500,3,10,3,53.5,Mensual,Efectivo,2.1,1299000,1
C1441,58,73,132500,4,5,1,75.9,Mensual,Debito automatico,7.4,1654000,0
C1442,27,1,86900,4,5,3,33.1,Mensual,Tarjeta,5.0,1338000,1
C1443,40,16,57500,2,4,8,34.8,Mensual,Tarjeta,4.7,774000,1
C1444,23,1,63500,1,3,0,56.9,Mensual,Tarjeta,7.4,747000,1
C1445,46,30,52400,1,2,1,31.8,Mensual,Efectivo,8.0,709000,0
C1446,23,1,126400,4,4,2,73.9,Mensual,Transferencia,3.4,1803000,0
C1447,63,58,132100,4,3,0,60.0,Mensual,Transferencia,8.6,1868000,0
C1448,48,40,103200,3,8,1,59.4,Mensual,Tarjeta,5.8,1312000,1
C1449,20,27,49800,1,3,1,20.1,Mensual,Efectivo,4.3,358000,0
C1450,55,14,86700,2,5,4,81.8,Bianual,Transferencia,4.9,1064000,0
C1451,35,1,70900,1,3,0,39.0,Anual,Debito automatico,7.6,791000,0
C1452,60,87,143700,5,0,1,77.9,Bianual,Tarjeta,7.1,1813000,0
C1453,36,1,100800,2,4,6,83.7,Mensual,Efectivo,2.6,1377000,1
C1454,25,1,76300,2,10,0,52.5,Bianual,Tarjeta,7.6,1067000,0
C1455,25,4,70700,2,5,0,46.2,Mensual,Tarjeta,4.9,1127000,1
C1456,30,30,44400,1,3,1,11.3,Mensual,Tarjeta,6.2,706000,1
C1457,64,72,99600,3,1,0,60.9,Bianual,Tarjeta,7.3,1378000,0
C1458,43,49,104900,2,1,1,71.9,Mensual,Tarjeta,9.2,1493000,0
C1459,28,40,142400,5,6,3,73.6,Anual,Debito automatico,3.3,1958000,1
C1460,43,53,125800,4,8,2,64.7,Mensual,Transferencia,3.2,1699000,0
C1461,49,40,154000,5,1,1,65.8,Bianual,Tarjeta,8.4,1752000,0
C1462,33,8,73100,1,3,1,31.0,Anual,Tarjeta,7.7,1129000,0
C1463,58,104,141100,4,2,0,48.1,Bianual,Debito automatico,10.0,1719000,0
C1464,39,27,120900,3,1,0,87.1,Bianual,Efectivo,6.4,1569000,0
C1465,33,62,101400,2,3,0,61.5,Bianual,Transferencia,8.7,1161000,0
C1466,29,10,89300,2,4,3,70.5,Mensual,Transferencia,2.7,1258000,1
C1467,22,25,131900,4,6,6,68.0,Mensual,Tarjeta,5.4,1508000,1
C1468,54,75,146300,5,3,2,102.5,Anual,Debito automatico,6.2,1820000,0
C1469,26,1,46200,1,7,0,47.6,Anual,Efectivo,5.6,593000,0
C1470,37,34,131800,3,3,0,81.2,Anual,Transferencia,7.6,1691000,0
C1471,18,52,124200,4,3,0,101.1,Bianual,Transferencia,8.2,1628000,0
C1472,30,62,111600,3,3,1,65.6,Anual,Debito automatico,8.7,1298000,1
C1473,37,6,55200,2,1,0,18.6,Anual,Efectivo,7.0,772000,0
C1474,21,9,94700,2,2,1,,Mensual,Tarjeta,6.4,1356000,0
C1475,30,16,73600,2,2,1,5.0,Mensual,Tarjeta,4.7,1199000,0
C1476,29,34,138400,4,2,1,87.4,Bianual,Tarjeta,9.2,1742000,0
C1477,53,58,124200,3,3,0,71.7,Anual,Debito automatico,8.2,1514000,0
C1478,35,35,95300,2,6,3,63.6,Mensual,Tarjeta,5.6,1129000,0
C1479,38,60,95100,1,3,3,44.8,Mensual,Debito automatico,3.2,1380000,1
C1480,61,43,116600,2,2,0,94.8,Bianual,Debito automatico,6.3,1450000,0
C1481,54,42,110500,3,1,1,88.3,Bianual,Tarjeta,8.3,1325000,0
C1482,24,19,80000,2,3,3,56.4,Anual,Transferencia,8.0,834000,0
C1483,31,35,71700,1,4,4,62.1,Anual,Debito automatico,4.3,771000,0
C1484,38,41,118800,4,1,0,75.7,Anual,Tarjeta,8.1,1574000,0
C1485,31,2,48700,2,3,1,30.0,Anual,Efectivo,5.3,668000,1
C1486,40,56,108000,2,2,1,66.5,Mensual,Debito automatico,10.0,1220000,0
C1487,38,36,107200,3,2,0,94.5,Bianual,Debito automatico,7.0,1362000,0
C1488,39,2,65200,3,4,0,43.4,Mensual,Efectivo,5.5,767000,0
C1489,40,49,146400,4,0,0,127.5,Anual,Debito automatico,9.0,1962000,0
C1490,61,62,91500,2,2,0,78.1,Anual,Debito automatico,6.0,1161000,0
C1491,37,16,90100,3,10,9,57.7,Mensual,Efectivo,5.7,1142000,1
C1492,51,1,49000,2,5,2,52.8,Mensual,Efectivo,4.9,769000,1
C1493,39,1,94100,3,5,3,65.4,Anual,Transferencia,5.2,1224000,0
C1494,49,30,120000,3,2,1,94.1,Anual,Tarjeta,9.0,1623000,1
C1495,30,6,79900,2,8,1,61.1,Mensual,Transferencia,3.9,1089000,1
C1496,34,46,133500,3,1,1,105.4,Mensual,Tarjeta,7.0,1760000,0
C1497,45,31,140200,4,2,0,78.1,Bianual,Tarjeta,8.1,1675000,0
C1498,44,14,107200,2,7,4,77.8,Mensual,Tarjeta,2.9,1420000,1
C1499,41,37,140600,3,3,0,96.6,Anual,Debito automatico,8.9,1912000,0
C1500,30,42,135300,3,1,0,87.8,Bianual,Debito automatico,9.3,1567000,0
C1501,24,43,85500,3,5,1,57.0,Mensual,,5.9,1228000,0
C1502,40,87,161600,4,5,0,110.8,Mensual,Transferencia,7.9,2068000,0
C1503,37,78,122000,3,4,1,58.9,Anual,Tarjeta,8.6,1333000,0
C1504,42,42,125500,4,1,1,92.8,Anual,Tarjeta,7.9,1605000,0
C1505,51,42,102200,3,0,2,76.0,Anual,Debito automatico,7.7,1306000,0
C1506,36,29,124600,3,7,2,90.6,Bianual,Tarjeta,4.7,1496000,0
C1507,22,56,123200,4,4,0,102.2,Anual,Debito automatico,7.8,1437000,0
C1508,50,65,119500,5,1,0,61.1,Anual,Debito automatico,7.7,1579000,0
C1509,40,49,143500,5,2,1,96.2,Bianual,Debito automatico,7.0,1785000,0
C1510,45,1,59700,1,4,1,38.1,Anual,Transferencia,5.3,656000,1
C1511,18,11,84700,3,1,1,25.7,Mensual,Efectivo,7.2,1009000,0
C1512,49,89,149600,4,2,2,84.1,Anual,Debito automatico,8.5,1841000,0
C1513,41,4,61100,2,2,0,40.2,Anual,Efectivo,5.2,846000,0
C1514,45,73,121000,4,3,2,91.5,Bianual,Tarjeta,9.1,1515000,0
C1515,46,36,153800,5,3,0,87.3,Anual,Tarjeta,7.6,1879000,0
C1516,28,11,65400,2,0,0,40.9,Anual,Transferencia,6.4,838000,0
C1517,44,47,116600,3,4,0,91.7,Anual,Transferencia,10.0,1557000,0
C1518,43,23,72000,2,3,1,62.9,Mensual,Debito automatico,5.1,849000,0
C1519,20,6,69800,2,1,0,23.7,Bianual,Transferencia,7.4,854000,0
C1520,59,79,162500,4,3,3,99.1,Anual,Tarjeta,9.8,2141000,0
C1521,40,90,94100,3,3,1,55.2,Anual,Tarjeta,6.5,1075000,0
C1522,44,67,121200,2,1,1,94.8,Anual,Tarjeta,7.1,1588000,0
C1523,29,8,56000,1,7,3,28.9,Mensual,Transferencia,5.5,890000,1
C1524,31,35,109000,4,7,2,90.2,Mensual,Transferencia,3.8,1468000,1
C1525,27,1,34700,1,4,0,19.5,Anual,Tarjeta,3.5,421000,0
C1526,36,59,127300,5,1,0,76.2,Anual,Tarjeta,8.0,1740000,0
C1527,43,67,130300,5,1,1,56.5,Anual,Debito automatico,6.7,1652000,0
C1528,49,93,143900,4,2,0,77.2,Mensual,Debito automatico,8.4,1693000,0
C1529,27,55,84200,1,4,5,40.0,Anual,Tarjeta,4.5,989000,1
C1530,44,46,113500,4,2,1,80.3,Anual,Debito automatico,7.5,1493000,0
C1531,26,1,97600,4,1,2,27.6,Mensual,Transferencia,4.8,1390000,1
C1532,42,16,109200,4,6,5,65.8,Mensual,Tarjeta,5.0,1381000,1
C1533,31,65,114300,4,3,0,80.0,Bianual,Debito automatico,7.3,1389000,0
C1534,31,32,61700,1,3,4,38.2,Anual,Tarjeta,3.5,830000,1
C1535,22,11,72300,1,4,1,51.4,Mensual,Transferencia,3.6,935000,1
C1536,38,22,28900,1,0,1,13.1,Mensual,Tarjeta,5.0,280000,0
C1537,44,55,149500,5,1,2,100.8,Bianual,Debito automatico,7.4,1933000,0
C1538,25,25,67000,3,5,2,22.8,Mensual,Efectivo,6.5,907000,1
C1539,31,21,91000,2,2,1,59.6,Mensual,Debito automatico,5.2,1297000,1
C1540,34,99,149100,4,0,0,84.0,Bianual,Debito automatico,6.8,1661000,0
C1541,52,83,153400,6,2,1,55.9,Bianual,Transferencia,5.9,1888000,0
C1542,58,61,114500,3,1,0,73.3,Anual,Debito automatico,8.5,1483000,0
C1543,53,74,124100,4,2,1,81.7,Bianual,Transferencia,7.9,1505000,0
C1544,53,70,141400,5,4,3,67.8,Anual,Tarjeta,7.9,1686000,0
C1545,32,32,62000,1,2,1,31.3,Mensual,Efectivo,6.4,577000,1
C1546,49,51,133300,3,0,0,108.4,Bianual,Transferencia,,1732000,0
C1547,24,59,113900,3,3,1,76.0,Anual,Transferencia,,1453000,0
C1548,18,10,91200,3,3,0,35.5,Mensual,Debito automatico,5.9,1347000,0
C1549,38,16,110000,4,8,2,77.3,Mensual,Debito automatico,3.6,1594000,1
C1550,35,48,131200,4,2,1,100.9,Anual,Tarjeta,8.4,1713000,0
C1551,52,68,125600,3,2,0,85.4,Anual,Transferencia,10.0,1540000,0
C1552,24,16,67700,1,5,1,29.4,Mensual,Debito automatico,7.4,934000,0
C1553,18,1,61700,2,3,0,6.2,Mensual,Tarjeta,5.2,976000,1
C1554,41,75,135200,4,1,2,55.1,Anual,Debito automatico,8.2,1699000,0
C1555,18,33,82300,2,4,2,39.1,Mensual,Tarjeta,7.2,1267000,0
C1556,25,5,64200,2,4,0,31.8,Anual,Tarjeta,5.4,687000,1
C1557,39,23,100700,3,3,0,89.2,Bianual,Tarjeta,9.4,1081000,0
C1558,37,75,142200,3,2,0,104.6,Bianual,Tarjeta,8.1,1791000,0
C1559,45,34,94900,2,11,6,43.0,Mensual,Transferencia,2.3,1167000,1
C1560,51,47,139200,3,0,2,84.2,Anual,Transferencia,8.9,1900000,0
C1561,26,3,84200,1,4,0,37.0,Mensual,Debito automatico,,1224000,0
C1562,18,23,44400,2,4,0,22.7,Anual,Efectivo,6.1,747000,0
C1563,57,70,110700,3,2,1,94.9,Anual,Debito automatico,7.4,1471000,0
C1564,41,40,91200,4,3,7,76.5,Anual,Transferencia,3.2,1058000,0
C1565,39,32,113500,3,10,1,66.6,Anual,Efectivo,4.9,1299000,1
C1566,44,27,131200,3,5,4,90.7,Mensual,Transferencia,4.0,1856000,1
C1567,26,26,94700,3,5,4,38.0,Mensual,Tarjeta,4.3,1116000,1
C1568,44,6,41800,1,3,1,33.9,Anual,Transferencia,,676000,1
C1569,33,63,121800,3,3,0,93.9,Mensual,Debito automatico,6.9,1681000,0
C1570,47,36,115600,3,3,1,73.4,Anual,Tarjeta,7.2,1442000,0
C1571,27,25,129700,3,2,0,92.8,Anual,Debito automatico,5.5,1660000,1
C1572,44,87,137800,5,3,1,54.3,Anual,Tarjeta,8.1,1811000,0
C1573,54,57,130300,3,1,0,99.0,Anual,Tarjeta,6.8,1602000,0
C1574,34,31,108300,3,4,0,78.9,Anual,Tarjeta,4.3,1511000,0
C1575,59,84,118400,2,2,0,76.4,Bianual,Tarjeta,7.9,1533000,0
C1576,43,44,115000,3,3,0,58.4,Mensual,Debito automatico,9.1,1547000,0
C1577,51,89,120300,5,3,0,56.5,Bianual,Transferencia,5.9,1453000,0
C1578,48,23,112300,2,7,4,71.0,Mensual,Debito automatico,4.0,1583000,1
C1579,50,71,145800,4,0,0,72.3,Mensual,Debito automatico,9.5,1739000,0
C1580,26,44,105900,3,1,0,44.9,Anual,Transferencia,10.0,1376000,0
C1581,34,76,108000,1,2,1,107.9,Anual,Debito automatico,9.5,1370000,0
C1582,46,24,137800,3,1,0,90.2,Bianual,Tarjeta,8.7,1564000,0
C1583,30,15,61900,3,5,2,20.9,Mensual,Efectivo,5.1,957000,1
C1584,28,24,140000,3,1,0,103.9,Anual,,9.2,1732000,1
C1585,46,76,113700,4,2,1,61.2,Bianual,Tarjeta,7.2,1344000,0
C1586,31,18,83600,1,5,4,51.0,Anual,Debito automatico,4.8,1095000,0
C1587,24,1,61100,1,5,1,39.7,Mensual,Tarjeta,5.6,702000,1
C1588,29,53,147900,5,0,1,116.5,Anual,Tarjeta,8.1,1954000,0
C1589,22,3,80300,2,3,3,60.0,Mensual,Debito automatico,6.6,861000,0
C1590,21,1,74700,1,2,1,39.8,Mensual,Transferencia,6.7,989000,0
C1591,59,90,134900,4,1,1,79.4,Mensual,Tarjeta,8.0,1797000,0
C1592,48,68,132800,4,0,0,100.7,Anual,Debito automatico,7.6,1622000,0
C1593,40,69,98600,3,2,0,67.9,Anual,Tarjeta,6.6,1290000,0
C1594,33,29,93000,1,11,5,72.3,Mensual,Transferencia,6.1,1193000,1
C1595,28,9,88600,2,3,0,22.3,Mensual,Tarjeta,9.5,1275000,0
C1596,20,27,42700,2,2,1,39.1,Anual,Transferencia,7.0,613000,1
C1597,26,48,136400,3,12,5,58.4,Mensual,Tarjeta,2.4,1846000,1
C1598,28,40,115200,3,6,7,70.0,Mensual,Debito automatico,3.1,1524000,1
C1599,47,65,126700,3,2,1,73.9,Anual,Debito automatico,8.0,1531000,0
C1600,26,27,62600,2,6,1,12.8,Mensual,Tarjeta,5.8,828000,1
C1601,42,54,121600,3,0,0,90.9,Mensual,Tarjeta,6.8,1625000,0
C1602,42,1,100500,2,6,4,72.3,Mensual,Tarjeta,3.9,1291000,1
C1603,39,85,121300,4,3,1,79.1,Anual,Tarjeta,7.6,1650000,0
C1604,36,56,82900,2,4,5,60.4,Mensual,Efectivo,5.2,1080000,1
C1605,50,87,130900,2,2,1,98.3,Bianual,Debito automatico,7.0,1570000,0
C1606,39,45,90000,3,8,3,67.0,Mensual,Transferencia,2.1,1087000,1
C1607,52,81,150300,5,2,2,79.0,Bianual,Debito automatico,8.2,1919000,0
C1608,18,7,62600,1,4,2,50.7,Mensual,Efectivo,7.8,757000,0
C1609,25,29,91800,3,2,3,67.8,Mensual,Transferencia,4.0,1117000,0
C1610,41,37,140200,3,0,0,73.6,Mensual,Tarjeta,8.8,1990000,0
C1611,50,35,87400,3,1,0,49.0,Bianual,Debito automatico,7.7,1141000,0
C1612,18,42,75500,2,3,2,54.4,Mensual,Efectivo,3.0,1090000,0
C1613,55,97,142300,5,1,1,84.2,Bianual,Debito automatico,8.7,1785000,0
C1614,62,64,117500,4,1,0,66.4,Bianual,Debito automatico,7.9,1433000,1
C1615,40,62,135100,3,2,0,100.8,Mensual,Transferencia,8.9,1752000,0
C1616,41,23,108400,3,7,6,64.4,Mensual,Efectivo,6.0,1497000,1
C1617,30,29,105000,2,5,3,82.6,Mensual,Tarjeta,2.8,1474000,1
C1618,40,54,120000,3,2,0,83.3,Mensual,Debito automatico,7.6,1584000,0
C1619,18,22,69500,2,5,1,41.5,Anual,Debito automatico,6.6,1085000,0
C1620,18,9,69300,1,3,1,42.1,Mensual,Debito automatico,5.7,880000,0
C1621,44,44,103200,2,10,6,86.0,Mensual,Transferencia,5.1,1212000,0
C1622,33,52,110000,4,1,1,,Anual,Tarjeta,8.1,1239000,0
C1623,48,87,127100,3,0,1,64.7,Anual,Debito automatico,6.2,1411000,0
C1624,29,36,137700,4,2,0,101.6,Anual,Debito automatico,8.4,1701000,0
C1625,40,108,157400,4,0,1,96.7,Bianual,Debito automatico,7.6,1858000,0
C1626,40,55,157900,4,0,0,91.8,Mensual,Tarjeta,9.5,2147000,0
C1627,30,34,114700,3,5,3,57.3,Anual,Tarjeta,4.6,1430000,1
C1628,30,1,82600,2,2,2,46.1,Anual,Debito automatico,7.0,1101000,0
C1629,45,36,118700,2,1,1,101.9,Anual,Debito automatico,8.7,1453000,0
C1630,55,95,123200,4,1,1,66.2,Anual,Tarjeta,7.2,1559000,0
C1631,54,82,112900,3,0,1,77.3,Anual,Debito automatico,6.5,1349000,0
C1632,65,51,107400,4,0,0,90.9,Anual,Transferencia,,1510000,0
C1633,18,23,87800,1,2,1,64.2,Mensual,Debito automatico,6.0,980000,1
C1634,41,40,116700,2,2,0,99.9,Anual,Tarjeta,10.0,1466000,0
C1635,37,28,98800,3,0,0,34.7,Anual,Tarjeta,8.1,1229000,0
C1636,38,7,63800,2,1,0,33.1,Anual,Tarjeta,7.2,885000,0
C1637,24,27,107900,2,9,4,70.9,Mensual,Tarjeta,4.6,1411000,1
C1638,33,41,69700,2,5,3,60.1,Anual,Tarjeta,4.0,876000,1
C1639,48,11,67600,1,6,2,65.0,Mensual,Efectivo,2.5,858000,1
C1640,56,64,85400,4,2,0,55.1,Bianual,Tarjeta,7.1,1217000,0
C1641,38,21,100000,2,10,3,82.8,Anual,Debito automatico,4.2,1255000,1
C1642,50,90,142800,6,1,1,53.8,Mensual,Debito automatico,7.7,2134000,0
C1643,24,1,54400,2,2,2,27.1,Anual,Debito automatico,7.0,716000,1
C1644,29,1,75400,2,1,1,35.6,Anual,Transferencia,7.6,942000,0
C1645,34,36,87600,1,7,5,93.9,Mensual,Debito automatico,3.2,1101000,1
C1646,52,70,105800,4,0,2,65.2,Bianual,Debito automatico,6.5,1344000,0
C1647,28,3,97200,2,4,0,23.3,Mensual,Tarjeta,8.2,1231000,1
C1648,35,22,109000,3,3,0,79.2,Bianual,Tarjeta,9.3,1341000,0
C1649,41,14,94500,2,7,6,88.5,Mensual,Tarjeta,3.6,1223000,1
C1650,52,8,53300,2,5,1,5.0,Mensual,Efectivo,6.3,767000,1
C1651,26,61,133500,5,2,0,72.0,Anual,Debito automatico,8.2,1752000,0
C1652,55,67,149500,4,1,2,115.7,Bianual,Debito automatico,7.4,1826000,0
C1653,30,47,120500,3,4,6,71.5,Anual,Efectivo,4.7,1483000,1
C1654,32,1,59600,2,2,1,16.3,Anual,Transferencia,9.6,907000,0
C1655,52,68,161900,5,8,0,71.3,Anual,Transferencia,7.6,2120000,0
C1656,47,70,116300,3,4,1,89.1,Mensual,Debito automatico,9.1,1793000,0
C1657,62,81,142800,4,5,1,85.5,Anual,Debito automatico,5.3,1811000,0
C1658,43,40,146100,3,1,0,117.4,Bianual,Debito automatico,7.7,1828000,0
C1659,46,22,127700,3,4,2,68.2,Mensual,Transferencia,5.6,1612000,1
C1660,21,67,143600,4,1,0,79.4,Bianual,Debito automatico,8.8,1869000,0
C1661,41,29,69900,2,3,0,46.6,Anual,Efectivo,1.0,825000,0
C1662,55,67,138700,5,1,1,60.8,Bianual,Debito automatico,8.2,1745000,0
C1663,36,7,25000,1,3,0,17.5,Mensual,Efectivo,8.8,328000,0
C1664,18,9,53700,2,5,3,5.8,Anual,Tarjeta,3.9,730000,1
C1665,34,34,148800,5,0,0,63.0,Anual,Tarjeta,10.0,1868000,0
C1666,37,23,102300,3,7,7,47.7,Anual,Efectivo,1.0,1191000,1
C1667,52,78,116900,4,3,0,53.2,Anual,Tarjeta,8.6,1474000,0
C1668,54,94,164100,5,1,0,77.0,Anual,Transferencia,7.4,2221000,0
C1669,50,65,100800,3,1,0,68.8,Anual,Tarjeta,5.4,1318000,0
C1670,26,43,96800,4,3,0,37.7,Anual,Transferencia,8.9,1141000,0
C1671,35,5,62500,2,1,0,17.3,Mensual,Tarjeta,7.8,945000,1
C1672,41,57,88400,2,2,1,80.5,Anual,Transferencia,8.8,1012000,0
C1673,50,70,140600,5,1,0,62.3,Anual,Debito automatico,8.1,1869000,0
C1674,23,32,90300,1,5,7,86.3,Mensual,Tarjeta,3.6,1177000,1
C1675,40,23,93500,2,3,4,52.2,Anual,Transferencia,1.8,1198000,1
C1676,20,34,134300,4,3,0,102.1,Anual,Transferencia,9.2,1881000,0
C1677,58,65,125600,4,1,0,71.7,Anual,Transferencia,9.6,1515000,0
C1678,28,68,109500,4,1,1,87.3,Mensual,Tarjeta,9.7,1534000,0
C1679,27,6,63200,2,1,0,20.6,Anual,Efectivo,3.9,923000,0
C1680,40,71,123000,3,0,0,87.1,Bianual,Debito automatico,6.4,1410000,0
C1681,37,1,48400,2,4,1,21.8,Anual,Transferencia,5.3,565000,0
C1682,25,12,63500,1,3,0,36.7,Mensual,Debito automatico,4.4,807000,0
C1683,21,41,95500,4,3,0,30.2,Mensual,Transferencia,6.5,1348000,1
C1684,37,33,149100,4,1,1,72.9,Bianual,Debito automatico,8.8,1657000,0
C1685,47,1,74300,1,6,6,77.9,Mensual,Tarjeta,2.3,990000,1
C1686,46,66,128300,3,1,1,94.8,Bianual,Tarjeta,9.3,1394000,0
C1687,38,36,130600,5,3,0,80.8,Bianual,Tarjeta,9.1,1750000,0
C1688,50,78,124100,4,2,0,74.3,Anual,Transferencia,6.7,1629000,0
C1689,23,16,81600,1,5,2,60.7,Mensual,Efectivo,3.9,1236000,0
C1690,44,52,126300,4,2,0,74.1,Mensual,Debito automatico,5.9,1761000,0
C1691,26,35,124000,3,0,0,89.1,Anual,Transferencia,7.9,1513000,0
C1692,58,75,142600,5,0,0,62.1,Mensual,Debito automatico,7.4,1844000,0
C1693,28,14,73200,3,3,1,18.9,Mensual,Efectivo,,1026000,0
C1694,61,34,129300,4,2,0,62.0,Bianual,Transferencia,8.8,1577000,0
C1695,43,68,149400,6,2,0,66.3,Anual,Debito automatico,7.7,2047000,0
C1696,40,43,107600,2,2,0,97.1,Bianual,Transferencia,8.0,1191000,0
C1697,51,4,86400,2,2,5,50.9,Anual,Efectivo,4.5,1236000,1
C1698,46,18,110300,2,6,10,102.3,Anual,Tarjeta,5.4,1426000,1
C1699,30,26,129700,4,7,5,76.2,Mensual,Efectivo,4.0,1705000,1
C1700,43,42,160400,5,1,0,108.9,Anual,Tarjeta,8.7,2202000,0
C1701,27,4,96400,3,0,3,46.7,Mensual,Transferencia,6.2,1190000,1
C1702,43,48,125800,3,3,0,117.6,Bianual,Transferencia,7.5,1536000,0
C1703,21,1,40900,1,5,0,21.4,Mensual,Debito automatico,7.1,440000,1
C1704,51,88,95300,4,1,2,31.0,Mensual,Transferencia,6.7,1466000,0
C1705,27,68,100800,3,2,2,80.9,Mensual,Debito automatico,8.8,1179000,0
C1706,42,41,172900,5,0,1,96.9,Anual,Debito automatico,8.3,2029000,0
C1707,40,31,61400,2,10,2,64.4,Mensual,Transferencia,3.7,792000,1
C1708,34,21,100300,2,2,2,66.4,Anual,Tarjeta,3.7,1355000,0
C1709,27,53,138200,4,2,0,109.1,Anual,Debito automatico,7.7,1837000,1
C1710,49,70,119900,2,3,0,94.1,Anual,Debito automatico,6.2,1491000,0
C1711,55,85,109800,4,6,0,84.8,Anual,Transferencia,7.9,1527000,0
C1712,30,1,65700,1,8,4,47.0,Mensual,Transferencia,4.4,843000,1
C1713,50,84,136600,4,3,2,54.5,Anual,Debito automatico,8.5,1757000,0
C1714,39,95,148400,4,3,1,97.8,Anual,Debito automatico,6.7,2020000,0
C1715,27,21,89800,2,2,3,63.6,Mensual,Transferencia,6.5,1140000,1
C1716,22,22,45300,2,1,0,24.0,Mensual,Efectivo,5.9,553000,0
C1717,51,38,110000,4,1,0,78.1,Anual,Debito automatico,7.2,1455000,1
C1718,22,1,77500,2,1,1,23.6,Anual,Tarjeta,5.2,1035000,1
C1719,41,26,91200,3,11,5,50.7,Anual,Debito automatico,1.9,1179000,1
C1720,47,53,113500,4,5,0,51.5,Bianual,Tarjeta,9.3,1510000,0
C1721,43,45,124200,4,1,0,64.0,Anual,Debito automatico,10.0,1558000,0
C1722,40,66,108000,3,2,0,84.9,Anual,Tarjeta,9.1,1375000,0
C1723,34,1,63300,1,2,1,24.5,Mensual,Efectivo,5.3,855000,1
C1724,47,60,134000,4,2,2,89.7,Anual,Debito automatico,9.7,1709000,0
C1725,18,1,61200,1,2,1,38.7,Bianual,Efectivo,6.0,873000,1
C1726,18,7,78900,3,2,0,38.2,Mensual,Debito automatico,6.1,1113000,0
C1727,22,3,45100,2,1,0,22.1,Mensual,Efectivo,8.2,594000,1
C1728,18,28,57000,1,0,0,32.1,Mensual,Debito automatico,7.2,790000,0
C1729,44,61,140900,4,0,0,93.8,Anual,Debito automatico,10.0,1865000,0
C1730,37,55,132100,3,1,2,99.5,Mensual,Debito automatico,8.6,1796000,0
C1731,61,50,131300,4,2,0,86.5,Anual,Debito automatico,7.8,1733000,0
C1732,18,14,72500,1,2,1,51.3,Anual,Tarjeta,5.6,740000,0
C1733,29,1,81400,3,3,0,34.1,Mensual,Debito automatico,4.1,877000,1
C1734,31,60,125800,3,2,1,100.7,Bianual,Tarjeta,8.0,1626000,0
C1735,23,1,70400,3,5,1,26.2,Anual,Debito automatico,7.8,969000,0
C1736,37,36,72600,1,9,3,33.0,Mensual,Transferencia,4.8,950000,1
C1737,18,25,63700,1,6,1,38.3,Mensual,Tarjeta,6.4,908000,1
C1738,43,51,146300,5,2,0,99.6,Bianual,Debito automatico,7.1,1982000,0
C1739,57,46,118500,4,1,0,97.2,Anual,Transferencia,8.6,1644000,0
C1740,37,54,180000,6,1,2,94.8,Mensual,Debito automatico,9.6,2495000,0
C1741,29,1,49600,1,3,1,28.4,Mensual,Tarjeta,6.9,569000,0
C1742,36,12,62700,2,4,1,21.1,Bianual,Efectivo,6.6,702000,1
C1743,51,76,185000,6,2,0,80.8,Anual,,6.4,2126000,0
C1744,22,7,74300,1,1,0,40.8,Mensual,Efectivo,7.5,1020000,0
C1745,22,58,121500,2,1,2,79.0,Bianual,Tarjeta,4.4,1521000,1
C1746,46,47,121100,3,1,0,105.8,Anual,Debito automatico,8.8,1626000,0
C1747,40,32,137900,4,0,0,73.9,Anual,Tarjeta,10.0,1798000,0
C1748,32,46,98700,2,1,0,78.7,Anual,Tarjeta,6.4,1207000,0
C1749,37,25,120900,3,7,1,88.2,Mensual,Tarjeta,3.8,1563000,0
C1750,47,80,175000,5,3,1,85.9,Bianual,Debito automatico,7.4,2042000,0
C1751,23,10,95200,4,3,2,28.3,Mensual,Tarjeta,5.8,1283000,0
C1752,46,63,149400,5,0,0,92.6,Anual,Debito automatico,9.6,1804000,0
C1753,18,1,64600,2,1,0,36.5,Mensual,Transferencia,7.0,1034000,0
C1754,50,50,133600,5,1,1,44.1,Anual,Debito automatico,8.5,1584000,1
C1755,24,42,92600,3,6,3,47.5,Mensual,Efectivo,5.1,1225000,1
C1756,21,1,74100,1,1,2,33.2,Mensual,Efectivo,6.4,758000,1
C1757,57,51,98200,3,4,0,82.3,Anual,Tarjeta,10.0,1285000,0
C1758,62,70,136500,4,4,2,76.0,Anual,Tarjeta,,1720000,0
C1759,28,3,78600,2,3,0,52.1,Mensual,Efectivo,6.6,1017000,0
C1760,33,35,138900,4,1,1,82.9,Bianual,Debito automatico,6.2,1587000,1
C1761,32,22,66200,1,6,4,45.1,Bianual,Debito automatico,3.4,772000,1
C1762,28,34,70400,2,3,0,39.2,Mensual,Efectivo,7.8,896000,0
C1763,27,1,66700,2,3,2,28.8,Mensual,Tarjeta,4.7,874000,0
C1764,26,1,60100,2,1,0,31.5,Mensual,Tarjeta,3.7,997000,0
C1765,52,60,164400,6,4,1,67.3,Anual,Debito automatico,7.4,2128000,0
C1766,25,32,86700,2,4,1,69.9,Mensual,Efectivo,,1199000,0
C1767,18,2,36200,1,5,3,5.0,Anual,Tarjeta,6.5,410000,1
C1768,23,8,61000,1,3,1,27.8,Mensual,Transferencia,6.0,721000,1
C1769,35,2,91600,2,3,1,33.9,Mensual,Debito automatico,4.1,1203000,1
C1770,24,11,79200,2,4,3,49.5,Anual,Transferencia,,1221000,1
C1771,25,5,81900,2,3,0,48.4,Mensual,Transferencia,7.2,1064000,1
C1772,34,82,154000,5,2,0,101.0,Anual,Transferencia,6.1,1994000,0
C1773,37,43,51600,1,10,4,61.2,Mensual,Transferencia,5.5,608000,1
C1774,49,66,120900,5,2,2,67.7,Bianual,Tarjeta,8.4,1236000,0
C1775,40,17,79600,3,5,3,32.2,Mensual,Transferencia,7.8,1002000,1
C1776,56,66,127800,5,4,0,70.3,Anual,Debito automatico,8.1,1887000,0
C1777,25,1,59800,1,7,2,60.7,Mensual,Transferencia,4.9,847000,1
C1778,33,22,75700,1,1,0,31.0,Mensual,Debito automatico,7.1,1133000,1
C1779,29,40,82400,1,7,3,66.0,Mensual,Transferencia,5.2,1032000,1
C1780,47,93,145300,5,1,0,84.1,Bianual,Debito automatico,5.1,1560000,0
C1781,30,1,57100,2,3,0,14.3,Mensual,Tarjeta,4.5,677000,0
C1782,48,76,91400,2,2,2,55.2,Anual,Debito automatico,6.5,1163000,0
C1783,49,58,118000,3,1,0,60.0,Mensual,Debito automatico,8.1,1584000,0
C1784,29,29,103900,3,8,5,75.9,Anual,Efectivo,4.6,1303000,1
C1785,47,72,133900,4,3,0,76.0,Anual,Debito automatico,7.8,1650000,0
C1786,35,25,130900,4,1,0,96.1,Mensual,Transferencia,9.7,1839000,0
C1787,47,80,119200,4,2,1,49.1,Bianual,Debito automatico,8.8,1410000,0
C1788,50,63,146700,3,2,1,116.6,Bianual,Tarjeta,7.2,1770000,0
C1789,41,7,100100,2,2,4,52.3,Mensual,Efectivo,4.4,1303000,1
C1790,51,33,108400,2,7,3,64.7,Mensual,Efectivo,3.0,1383000,1
C1791,46,13,76300,2,3,3,47.7,Anual,Efectivo,6.2,861000,0
C1792,32,59,125300,4,0,1,72.2,Bianual,Tarjeta,8.7,1477000,0
C1793,42,60,117800,4,1,1,79.3,Anual,Tarjeta,4.0,1672000,0
C1794,18,1,61100,3,5,0,36.9,Anual,Tarjeta,9.4,931000,1
C1795,20,1,65000,1,5,0,79.7,Anual,Tarjeta,7.1,912000,0
C1796,36,41,110900,2,3,2,92.8,Mensual,Tarjeta,7.6,1364000,1
C1797,18,20,87000,2,3,1,59.7,Mensual,Tarjeta,8.8,1011000,0
C1798,18,1,100200,2,6,2,53.3,Mensual,Tarjeta,6.0,1423000,1
C1799,35,14,126900,3,6,4,67.9,Mensual,Efectivo,4.3,1751000,1
C1800,26,1,64000,1,7,4,46.2,Mensual,Tarjeta,3.5,841000,1
C1801,43,49,138400,4,4,5,79.0,Mensual,Tarjeta,6.2,1785000,0
C1802,33,60,116300,4,2,1,64.0,Anual,Tarjeta,8.2,1342000,0
C1803,70,89,155900,4,6,1,97.6,Mensual,Tarjeta,7.6,2160000,0
C1804,32,38,101800,2,8,3,65.2,Mensual,Transferencia,5.6,1453000,1
C1805,28,16,83500,3,2,0,5.0,Mensual,Transferencia,7.1,1071000,1
C1806,18,5,52300,1,7,2,28.6,Mensual,Efectivo,6.3,625000,1
C1807,51,22,137600,4,4,6,72.5,Mensual,Transferencia,5.5,1920000,1
C1808,37,2,33700,1,2,2,30.2,Anual,Efectivo,9.6,357000,0
C1809,44,85,164800,5,2,0,99.4,Bianual,Tarjeta,8.7,2177000,0
C1810,41,86,118400,4,4,0,58.4,Bianual,Transferencia,7.5,1455000,0
C1811,29,2,77200,3,3,3,13.1,Mensual,Tarjeta,6.6,1002000,1
C1812,18,15,30200,1,4,1,32.9,Anual,Tarjeta,8.0,398000,1
C1813,64,64,118900,4,2,0,72.5,Bianual,Debito automatico,6.7,1425000,0
C1814,43,45,114900,3,7,1,56.4,Anual,Tarjeta,3.8,1566000,1
C1815,28,1,70800,2,4,1,53.6,Anual,Debito automatico,4.5,983000,1
C1816,31,85,140600,5,1,0,58.4,Bianual,Tarjeta,5.9,1834000,0
C1817,44,93,134500,4,2,0,77.0,Anual,Tarjeta,6.8,1720000,0
C1818,47,53,154600,4,2,0,89.1,Mensual,Efectivo,8.2,2007000,0
C1819,46,25,104900,4,2,1,37.1,Mensual,Tarjeta,6.3,1422000,0
C1820,36,8,32400,1,1,0,12.9,Anual,Tarjeta,7.1,373000,0
C1821,18,7,74300,2,6,2,34.2,Mensual,Transferencia,5.3,1135000,1
C1822,39,16,131800,2,12,6,93.7,Mensual,Efectivo,3.2,1805000,1
C1823,50,42,141700,4,0,0,97.3,Anual,Tarjeta,10.0,1770000,0
C1824,22,45,74600,2,3,2,34.4,Mensual,,5.5,897000,1
C1825,52,76,133100,4,3,2,22.2,Anual,Debito automatico,7.4,1822000,0
C1826,29,1,79000,1,3,0,45.7,Mensual,Debito automatico,5.8,1040000,0
C1827,33,17,111400,3,6,6,60.5,Anual,Tarjeta,5.5,1364000,1
C1828,18,23,83500,2,4,1,52.3,Mensual,Tarjeta,5.2,1256000,0
C1829,49,87,156000,6,2,0,57.9,Bianual,Debito automatico,7.9,1888000,0
C1830,24,16,95700,3,1,0,39.6,Mensual,Tarjeta,9.2,1253000,1
C1831,35,20,78700,3,6,5,75.5,Anual,Tarjeta,4.4,977000,1
C1832,36,56,121800,3,3,0,80.8,Anual,Tarjeta,7.3,1405000,0
C1833,37,39,113100,3,1,2,81.2,Anual,Tarjeta,8.8,1434000,0
C1834,36,20,107500,4,8,5,62.4,Anual,Transferencia,3.5,1302000,1
C1835,40,38,78400,1,6,7,70.7,Mensual,Transferencia,,927000,1
C1836,38,60,112800,4,0,0,87.8,Anual,Tarjeta,9.2,1372000,0
C1837,33,10,92300,3,4,1,77.6,Mensual,Tarjeta,5.5,1191000,0
C1838,53,66,141600,4,1,0,64.6,Bianual,,7.0,1634000,0
C1839,25,50,106500,3,0,2,66.7,Anual,Efectivo,7.8,1345000,0
C1840,45,72,104000,3,3,0,119.6,Anual,Tarjeta,7.1,1306000,0
C1841,27,1,48400,1,2,1,24.3,Mensual,Efectivo,6.2,638000,1
C1842,36,28,97200,2,4,4,52.9,Mensual,Debito automatico,3.4,1481000,1
C1843,49,29,142700,5,1,0,86.9,Anual,Tarjeta,7.0,1808000,0
C1844,24,39,152800,4,1,0,89.1,Mensual,Debito automatico,10.0,2081000,0
C1845,18,3,64000,1,1,0,27.8,Anual,Transferencia,7.0,853000,0
C1846,54,72,114800,4,0,0,71.7,Mensual,Debito automatico,8.1,1539000,0
C1847,41,41,134000,4,1,1,87.4,Mensual,Tarjeta,9.4,1807000,0
C1848,37,24,86100,2,7,3,64.8,Anual,Tarjeta,5.1,1080000,1
C1849,23,1,48800,3,4,2,5.0,Anual,Debito automatico,5.9,680000,1
C1850,58,58,112600,3,3,1,102.1,Bianual,Transferencia,7.7,1304000,0
C1851,35,19,76500,3,2,2,31.6,Mensual,Efectivo,6.1,986000,1
C1852,31,19,70000,2,3,1,,Anual,Transferencia,6.9,887000,0
C1853,50,90,119200,4,5,1,50.0,Anual,Tarjeta,7.8,1341000,0
C1854,34,56,139100,4,0,1,64.5,Bianual,Tarjeta,6.9,1816000,0
C1855,34,12,59100,1,1,2,23.2,Anual,Tarjeta,4.7,918000,1
C1856,51,57,126200,2,0,1,111.5,Bianual,,8.5,1488000,0
C1857,41,10,78500,2,9,3,52.6,Bianual,Tarjeta,3.8,1023000,1
C1858,45,78,154200,5,5,0,84.1,Anual,Transferencia,,2079000,0
C1859,47,46,110800,3,1,0,77.6,Anual,Tarjeta,8.9,1266000,0
C1860,48,74,98300,2,3,0,80.8,Bianual,Transferencia,9.5,1267000,0
C1861,49,51,112900,2,6,5,58.1,Mensual,Transferencia,7.3,1414000,0
C1862,29,1,74900,2,9,4,82.5,Mensual,Tarjeta,3.6,1219000,0
C1863,34,59,50600,2,5,5,31.8,Mensual,Tarjeta,3.4,655000,1
C1864,47,35,109800,3,1,1,66.9,Anual,Tarjeta,6.9,1459000,0
C1865,27,22,69600,3,9,1,5.0,Anual,Transferencia,6.7,919000,0
C1866,43,92,114800,5,0,0,54.6,Anual,Transferencia,7.7,1699000,0
C1867,56,64,133700,6,3,0,59.0,Bianual,Tarjeta,6.4,1641000,0
C1868,41,31,52700,1,4,2,36.2,Bianual,Tarjeta,3.9,736000,1
C1869,28,6,65300,1,0,0,22.3,Mensual,Debito automatico,3.9,902000,1
C1870,29,16,74300,2,3,1,5.0,Mensual,Transferencia,7.6,1028000,0
C1871,34,27,102400,2,4,3,45.7,Mensual,Efectivo,3.1,1351000,0
C1872,40,25,63500,2,3,1,53.2,Mensual,Tarjeta,6.4,791000,0
C1873,44,79,114600,4,1,1,78.5,Anual,Tarjeta,5.6,1211000,0
C1874,36,46,126500,5,0,1,91.0,Bianual,Debito automatico,7.6,1661000,0
C1875,36,39,107500,3,9,5,46.0,Anual,Transferencia,3.8,1305000,1
C1876,59,86,134500,5,2,0,47.4,Anual,Tarjeta,7.4,1842000,0
C1877,28,58,114800,3,1,1,69.8,Anual,Transferencia,8.9,1464000,0
C1878,30,39,134800,4,0,1,87.3,Anual,Tarjeta,10.0,1804000,0
C1879,19,9,87700,2,5,3,75.9,Anual,Tarjeta,5.0,1164000,0
C1880,36,16,71900,1,7,4,76.4,Mensual,Tarjeta,5.3,693000,1
C1881,31,39,164000,5,1,0,98.1,Anual,Debito automatico,10.0,2132000,0
C1882,33,35,94400,3,2,5,50.2,Anual,Transferencia,4.8,1133000,0
C1883,58,92,116300,4,2,1,72.4,Mensual,Debito automatico,7.4,1676000,0
C1884,36,46,151400,5,1,1,82.9,Bianual,Debito automatico,9.6,1901000,0
C1885,29,28,46800,1,7,0,30.8,Anual,Efectivo,7.7,667000,0
C1886,38,67,121400,2,3,0,120.6,Anual,Debito automatico,9.1,1471000,0
C1887,47,51,128600,5,2,0,59.8,Anual,Debito automatico,6.5,1575000,1
C1888,31,1,64400,1,1,0,30.2,Bianual,Transferencia,5.3,718000,0
C1889,21,30,82900,2,2,0,53.4,Mensual,Efectivo,6.1,929000,0
C1890,35,23,74900,3,7,6,38.5,Anual,Tarjeta,5.1,895000,1
C1891,50,50,130700,4,2,0,77.7,Bianual,Tarjeta,8.3,1456000,0
C1892,55,73,140300,5,2,0,63.5,Anual,Debito automatico,8.8,1662000,0
C1893,18,1,74200,2,2,0,30.4,Anual,Tarjeta,8.0,949000,0
C1894,33,1,69500,2,3,2,8.5,Mensual,Transferencia,7.9,973000,0
C1895,27,33,86400,2,5,3,71.5,Anual,Tarjeta,5.6,1069000,0
C1896,64,67,152100,5,2,0,82.7,Anual,Transferencia,6.1,1890000,0
C1897,36,51,43100,1,0,1,42.1,Anual,Tarjeta,7.0,437000,0
C1898,29,1,75000,3,0,1,20.1,Mensual,Debito automatico,5.6,982000,1
C1899,28,1,54600,1,2,2,35.4,Mensual,Transferencia,4.3,625000,1
C1900,39,55,129600,3,1,1,73.6,Bianual,Tarjeta,7.9,1537000,0
C1901,47,69,104700,2,1,2,82.7,Bianual,Tarjeta,10.0,1082000,0
C1902,24,9,81400,1,4,0,68.5,Anual,,7.0,1070000,0
C1903,29,16,54500,2,1,2,35.5,Mensual,Tarjeta,8.9,672000,0
C1904,48,22,104600,3,2,3,69.0,Anual,Debito automatico,8.5,1336000,0
C1905,47,69,130300,5,2,2,74.9,Bianual,Transferencia,10.0,1688000,0
C1906,31,9,122300,3,3,3,40.4,Mensual,Debito automatico,4.3,1632000,0
C1907,31,21,97600,3,4,0,68.8,Anual,Transferencia,8.3,1326000,0
C1908,18,10,62400,2,2,0,17.3,Mensual,Tarjeta,4.8,647000,0
C1909,18,1,85800,3,5,0,26.9,Mensual,Tarjeta,7.8,1130000,1
C1910,47,29,118100,4,3,0,103.0,Anual,Tarjeta,7.7,1619000,0
C1911,51,16,77400,1,6,6,71.3,Mensual,Efectivo,3.3,1024000,1
C1912,64,66,134000,4,2,2,80.4,Anual,Debito automatico,9.0,1857000,0
C1913,38,84,134200,5,3,0,54.4,Anual,Transferencia,8.8,1894000,0
C1914,58,82,108200,5,2,0,63.3,Bianual,Tarjeta,8.8,1398000,0
C1915,64,91,113600,3,1,1,76.4,Bianual,Debito automatico,6.9,1338000,0
C1916,48,89,149400,5,0,2,61.9,Anual,Debito automatico,7.3,1791000,0
C1917,28,24,67800,1,4,0,29.5,Mensual,Tarjeta,6.3,847000,0
C1918,18,8,103300,3,1,1,41.1,Mensual,Tarjeta,7.4,1331000,0
C1919,43,52,117600,4,1,1,82.4,Anual,Transferencia,10.0,1436000,0
C1920,32,55,133400,3,1,1,91.6,Anual,Efectivo,8.8,1563000,0
C1921,29,10,71600,1,3,0,59.5,Mensual,Efectivo,8.9,973000,1
C1922,39,72,145100,4,3,2,69.3,Bianual,Debito automatico,8.5,1908000,0
C1923,41,19,113100,3,6,5,80.9,Mensual,Debito automatico,3.8,1574000,1
C1924,50,37,100200,3,2,1,96.9,Mensual,Debito automatico,9.3,1305000,0
C1925,20,14,50200,1,3,0,10.5,Bianual,Debito automatico,8.5,704000,0
C1926,18,7,42200,1,3,0,16.4,Mensual,Tarjeta,8.9,601000,1
C1927,18,1,59300,2,7,2,20.7,Mensual,Transferencia,7.9,809000,1
C1928,50,69,118600,5,2,0,58.3,Anual,Debito automatico,7.4,1534000,0
C1929,31,7,106300,2,9,3,60.6,Mensual,Transferencia,3.8,1382000,1
C1930,23,38,100500,3,6,1,71.8,Mensual,Tarjeta,4.8,1420000,1
C1931,45,49,152500,3,2,0,108.1,Anual,Debito automatico,10.0,1900000,0
C1932,37,36,127900,4,0,1,92.9,Anual,Debito automatico,8.8,1539000,0
C1933,32,59,145100,6,2,0,80.9,Anual,Tarjeta,8.9,1810000,0
C1934,31,16,100700,3,6,4,28.7,Bianual,Efectivo,4.2,1246000,1
C1935,45,4,92900,2,7,4,63.1,Mensual,Efectivo,3.7,1258000,1
C1936,32,22,51600,1,2,1,34.4,Anual,Tarjeta,6.2,607000,1
C1937,51,70,86600,2,3,0,74.9,Anual,Tarjeta,7.6,980000,0
C1938,32,2,95700,3,0,0,67.7,Mensual,Efectivo,8.5,1397000,0
C1939,42,79,163100,5,5,1,91.8,Anual,Debito automatico,7.1,2172000,0
C1940,27,24,47600,1,1,2,46.6,Mensual,Debito automatico,6.5,423000,0
C1941,28,8,38300,1,3,1,18.6,Anual,Tarjeta,5.3,612000,0
C1942,48,61,102600,3,1,0,63.8,Anual,Debito automatico,8.3,1275000,0
C1943,31,16,65700,2,0,1,32.5,Anual,Transferencia,8.1,839000,0
C1944,34,41,146900,4,2,0,75.6,Anual,Tarjeta,10.0,1957000,0
C1945,45,74,138800,4,2,1,96.0,Anual,Debito automatico,8.6,1903000,0
C1946,32,8,66900,2,3,0,39.7,Mensual,Transferencia,7.1,1000000,0
C1947,18,1,121200,3,5,4,44.6,Anual,Tarjeta,3.9,1525000,1
C1948,62,83,145100,5,6,0,91.1,Mensual,Transferencia,8.1,1847000,0
C1949,26,105,144000,5,1,0,73.6,Mensual,Transferencia,7.8,1749000,0
C1950,36,70,85700,2,1,1,60.3,Anual,Transferencia,8.4,1144000,0
C1951,50,74,99800,2,0,1,87.2,Anual,Transferencia,8.5,1350000,0
C1952,24,1,59200,1,2,0,38.5,Anual,Debito automatico,7.0,656000,0
C1953,18,21,107100,3,2,0,49.6,Mensual,Tarjeta,6.0,1404000,0
C1954,18,1,89800,3,3,0,28.6,Mensual,Efectivo,6.1,1165000,0
C1955,61,81,147000,4,1,0,85.2,Anual,Debito automatico,9.5,1790000,0
C1956,36,60,139400,4,2,2,75.0,Anual,Debito automatico,10.0,1847000,0
C1957,46,15,66800,1,4,3,41.0,Bianual,Tarjeta,2.6,798000,1
C1958,41,39,125000,4,1,1,65.4,Anual,Debito automatico,6.7,1557000,0
C1959,31,61,148100,3,2,0,106.0,Mensual,Tarjeta,7.1,2194000,0
C1960,36,59,157700,6,1,0,107.1,Anual,Tarjeta,8.2,1891000,0
C1961,32,52,147800,3,1,0,93.2,Bianual,Debito automatico,9.4,1808000,0
C1962,48,29,152800,5,1,0,111.9,Mensual,Tarjeta,9.0,1952000,0
C1963,33,4,76100,2,2,0,50.9,Mensual,Efectivo,6.6,1000000,0
C1964,18,1,48400,1,5,1,44.9,Mensual,Tarjeta,7.1,661000,1
C1965,49,90,121700,5,6,2,57.4,Anual,Debito automatico,6.5,1663000,0
C1966,34,64,159100,4,2,0,115.7,Anual,Tarjeta,8.0,1967000,0
C1967,63,93,167000,4,2,1,80.6,Mensual,Debito automatico,7.4,2163000,0
C1968,18,1,64400,2,3,1,27.8,Mensual,Transferencia,4.4,839000,1
C1969,55,10,131300,4,0,2,77.3,Anual,Tarjeta,6.8,1538000,1
C1970,27,1,81200,2,3,0,38.1,Mensual,Tarjeta,5.0,1143000,1
C1971,18,28,72700,2,0,1,7.3,Mensual,Debito automatico,7.4,983000,0
C1972,21,2,92500,1,6,1,45.2,Mensual,Debito automatico,6.7,1243000,1
C1973,20,1,87400,2,4,2,18.7,Mensual,Transferencia,7.2,1143000,1
C1974,41,101,128500,4,0,0,77.9,Anual,Debito automatico,5.1,1605000,0
C1975,42,66,106400,2,2,0,79.7,Anual,Tarjeta,6.4,1428000,0
C1976,26,24,108300,3,8,3,57.8,Mensual,Transferencia,4.9,1546000,1
C1977,22,44,127400,4,0,2,75.9,Bianual,Tarjeta,4.8,1668000,1
C1978,38,46,93800,2,5,0,85.4,Anual,Tarjeta,9.8,1217000,1
C1979,26,51,124600,3,2,0,118.2,Bianual,Debito automatico,6.0,1627000,0
C1980,21,30,88500,1,3,0,56.2,Mensual,Transferencia,7.5,1106000,0
C1981,44,84,172600,6,0,2,77.7,Mensual,Debito automatico,6.3,2288000,0
C1982,45,88,125200,4,2,2,71.6,Anual,Debito automatico,8.7,1692000,0
C1983,53,40,110600,3,11,5,75.5,Anual,Debito automatico,8.1,1477000,1
C1984,41,32,140600,3,2,0,106.1,Anual,Debito automatico,5.5,1719000,0
C1985,29,19,38600,1,4,0,20.7,Mensual,Efectivo,7.3,428000,0
C1986,37,74,135400,5,0,2,70.8,Bianual,Transferencia,5.1,1633000,0
C1987,35,13,126700,3,1,0,58.8,Anual,Tarjeta,8.8,1513000,0
C1988,29,1,72900,1,1,0,52.0,Mensual,Debito automatico,6.1,1106000,1
C1989,32,34,121700,3,1,0,121.0,Mensual,Debito automatico,8.5,1680000,0
C1990,44,31,91700,2,6,9,63.3,Mensual,Tarjeta,3.0,1087000,1
C1991,26,26,97600,3,5,5,28.0,Anual,Tarjeta,5.1,1118000,1
C1992,34,27,78000,3,3,5,71.7,Mensual,Transferencia,2.3,960000,1
C1993,31,51,111100,4,3,2,47.5,Mensual,Tarjeta,5.7,1444000,1
C1994,28,1,80200,3,4,1,23.4,Mensual,Efectivo,5.9,1080000,1
C1995,47,78,89900,2,2,1,82.0,Bianual,Debito automatico,5.6,1177000,0
C1996,39,52,127600,3,2,0,92.1,Mensual,Debito automatico,10.0,1594000,0
C1997,34,14,71200,1,5,8,54.2,Mensual,Transferencia,4.0,1097000,1
C1998,21,8,67100,2,5,0,23.6,Mensual,Efectivo,8.8,826000,0
C1999,56,56,122900,4,2,0,74.0,Bianual,Debito automatico,8.9,1373000,0
C2000,43,68,100500,3,0,1,81.4,Bianual,Debito automatico,7.3,1371000,0
